name,registry_type,registry_id,registry_court,structure,capital,capital_currency,entry_day,entry_month,entry_year,deletion,deletion_month,deletion_year,balance,address,post_code,city,search_policy
IGB Construct Verwaltungs GmbH,HRB,9570,Schwerin,Gesellschaft mit beschränkter Haftung,25500.0,EUR,31,08,2007,,,,False,Alter Holzhafen 17 b,23966,Wismar,1
AS Dritte Fachmarkt GmbH & Co. KG,HRA,8638,Wiesbaden,Kommanditgesellschaft,,,28,12,2006,16,10,2019,False,Eilweg 3,65396,Walluf,1
CR GmbH & Co.KG,HRA,5314,Steinfurt,Kommanditgesellschaft,,,22,12,2006,08,01,2009,False,Piusallee 121,48147,Münster,2
InterVal GmbH,HRB,110519,Berlin (Charlottenburg),Gesellschaft mit beschränkter Haftung,25000.0,EUR,21,11,2007,,,,False,Habersaathstr. 58,10115,Berlin,1
Solarpark Bingen 1 GmbH & Co. KG,HRA,92744,München,Kommanditgesellschaft,,,12,08,2008,,,,False,Keltenring 13,82041,Oberhaching,1
Verint Blue Pumpkin Software GmbH,HRB,9419 KI,Kiel,Gesellschaft mit beschränkter Haftung,25000.0,EUR,27,08,2001,24,04,2012,False,Danziger Str. 2,85386,Eching,1
Recker Vermögensverwaltung Geschäftsführungs GmbH,HRB,200889,Walsrode,Gesellschaft mit beschränkter Haftung,25000.0,EUR,19,11,2007,,,,False,Diepholzer Straße 81,49453,Wetschen,1
Nova Vita Ambulante Pflege GmbH,HRB,109237,Berlin (Charlottenburg),Gesellschaft mit beschränkter Haftung,25000.0,EUR,03,09,2007,,,,False,Noeggerathstr. 34,53111,Bonn,1
gcg gmbh,HRB,720506,Ulm,Gesellschaft mit beschränkter Haftung,25000.0,EUR,28,12,2006,,,,False,Fraunhoferstraße 2,73037,Göppingen,1
Michael und Susanne Köpper Grundstücks OHG,HRA,60242,Ludwigshafen a.Rhein (Ludwigshafen),Offene Handelsgesellschaft,,,21,12,2006,25,07,2007,False,Landauer Str. 37,67346,Speyer,1
celt customized english language training GmbH,HRB,18990,Duisburg,Gesellschaft mit beschränkter Haftung,25000.0,EUR,22,12,2006,,,,False,Blötter Weg 181 a,45478,Mülheim an der Ruhr,1
Cinram Wireless GmbH,HRB,14380,Aachen,Gesellschaft mit beschränkter Haftung,25000.0,EUR,04,09,2007,29,09,2009,False,Max-Planck-Str. 1-9,52477,Alsdorf,1
Tigram GmbH & Co. Zweihundertundzehnte Rendite Leasing KG,HRA,6817,Bad Oeynhausen,Kommanditgesellschaft,,,28,12,2006,27,05,2009,False,Richmodstraße 6,50667,Köln,1
Metker & Jakob GmbH,HRB,200660,Osnabrück,Gesellschaft mit beschränkter Haftung,26000.0,EUR,28,12,2006,,,,False,Münsterstraße 54,49186,Bad Iburg,1
BCV Agenturgemeinschaft Hannover GmbH,HRB,201269,Hannover,Gesellschaft mit beschränkter Haftung,25000.0,EUR,20,12,2006,,,,False,Bosfelder Weg 7,33378,Rheda-Wiedenbrück,1
Auskunfter GmbH,HRB,142512,Berlin (Charlottenburg),Gesellschaft mit beschränkter Haftung,25000.0,EUR,16,11,2007,01,11,2013,False,Friedrichstraße 95,10117,Berlin,1
Planungsgruppe Welz Lorenz Jetter GmbH,HRB,721565,Ulm,Gesellschaft mit beschränkter Haftung,25000.0,EUR,07,11,2007,,,,False,Schillerplatz 8,73033,Göppingen,1
Hanika GmbH,HRB,5057,Schweinfurt,Gesellschaft mit beschränkter Haftung,120000.0,EUR,05,12,2006,,,,False,Industriestraße 17,97631,Bad Königshofen i.Gr.,1
CSI Corporate Sports International GmbH & Co.KG,HRA,12033,Duisburg,Kommanditgesellschaft,,,24,08,2016,,,,False,Im Knick 18,47269,Duisburg,1
carflexx.com Limited Niederlassung Hamburg,HRB,103159,Hamburg,Rechtsform ausl Rechts HRB,,,19,11,2007,05,11,2009,False,Kollaustr. 95,22453,Hamburg,1
Fashion-Star GmbH,HRB,13637 HL,Lübeck,Gesellschaft mit beschränkter Haftung,26000.0,EUR,09,04,2009,,,,False,Am Ladenzentrum 6b,21465,Reinbek,1
Commercia Grundstücksverwaltung Objekt Kusel GmbH,HRB,23265,Wiesbaden,Gesellschaft mit beschränkter Haftung,26000.0,EUR,16,11,2007,,,,False,"Haus Clara, Treppenhaus 1, Johannstraße 37",40476,Düsseldorf,1
German Marketing Service GMS Limited,HRB,20166,Wuppertal,Rechtsform ausl. Rechts HRB,,,21,12,2006,09,04,2008,False,Franzenstr. 2,42105,Wuppertal,1
m-p-t GmbH,HRB,6826,Stendal,Gesellschaft mit beschränkter Haftung,25000.0,EUR,06,09,2007,,,,False,Steinfeldstraße 5,39179,Barleben,1
Retep Verwaltungs GmbH,HRB,9583,Siegburg,Gesellschaft mit beschränkter Haftung,25000.0,EUR,22,12,2006,,,,False,Adenauerstraße 48,53842,Troisdorf,1
Butzner Reifenhandel GmbH,HRB,8289,Paderborn,Gesellschaft mit beschränkter Haftung,25000.0,EUR,28,12,2006,,,,False,Fleite Heide 5,33129,Delbrück,1
BTT Treuhand Steuerberatungsgesellschaft mbH,HRB,501017,Jena,Gesellschaft mit beschränkter Haftung,25000.0,EUR,29,12,2006,,,,False,Krohnestraße 6,98693,Ilmenau,2
SPEAKEASY ENGLISH TRAINING LTD. Niederlassung Deutschland,HRB,41188,Mainz,Rechtsform ausl. Rechts HRB,,,19,11,2007,24,04,2017,False,Robert-Bosch-Straße 29 A,55129,Mainz,1
Helmut Emil Bartholomäus Beteiligungs-GmbH,HRB,200645,Osnabrück,Gesellschaft mit beschränkter Haftung,25000.0,EUR,21,12,2006,,,,False,Osterheide 7,49124,Georgsmarienhütte,1
Pendolino Verwaltungs GmbH,HRB,60561,Ludwigshafen a.Rhein (Ludwigshafen),Gesellschaft mit beschränkter Haftung,25000.0,EUR,15,12,2006,09,03,2011,False,Industriestraße 109,67063,Ludwigshafen,1
Waltke Management und Handel AG,HRB,61221,Köln,Aktiengesellschaft,50000.0,EUR,03,09,2007,,,,False,Am Alten Forsthaus 1,51429,Bergisch Gladbach,1
Hemoteq AG,HRB,13990,Aachen,Aktiengesellschaft,4795000.0,EUR,27,12,2006,,,,False,Adenauerstraße 15,52146,Würselen,1
ProFinanzKonzept GmbH,HRB,7062 PI,Pinneberg,Gesellschaft mit beschränkter Haftung,25000.0,EUR,30,08,2007,,,,False,Mühlenstraße 52,25421,Pinneberg,1
COIL Container Internationale Logistik GmbH,HRB,200563,Tostedt,Gesellschaft mit beschränkter Haftung,50000.0,DEM,05,12,2006,06,02,2015,False,Am Seepark 39,27607,Langen,1
ARNOLD GmbH,HRB,61255,Köln,Gesellschaft mit beschränkter Haftung,25000.0,EUR,04,09,2007,,,,False,Eschenbroichstraße 38,51469,Bergisch Gladbach,1
Bau Wolters GmbH,HRB,14064,Aachen,Gesellschaft mit beschränkter Haftung,25000.0,EUR,06,02,2007,21,02,2011,False,Am Muldenpfad 10,52499,Baesweiler,1
Kaisereck-Grundstücks-GmbH,HRB,14096,Aachen,Gesellschaft mit beschränkter Haftung,25000.0,EUR,02,03,2007,,,,False,Kaiserstraße 15,52249,Eschweiler,1
Solarpark Ebersberg Verwaltungs-GmbH,HRB,14188,Aachen,Gesellschaft mit beschränkter Haftung,25000.0,EUR,04,05,2007,15,04,2009,False,Am Pannhaus 2-8,52511,Geilenkirchen,1
Euronb GmbH,HRB,14517,Aachen,Gesellschaft mit beschränkter Haftung,79500.0,EUR,14,12,2007,19,08,2011,False,Reumontstr. 5,52064,Aachen,1
Four Audio Verwaltungsgesellschaft mbH,HRB,14189,Aachen,Gesellschaft mit beschränkter Haftung,25000.0,EUR,04,05,2007,,,,False,Konrad-Zuse-Straße 4,52134,Herzogenrath,1
Aixzenta GmbH,HRB,14413,Aachen,Gesellschaft mit beschränkter Haftung,25000.0,EUR,26,09,2007,,,,False,Giselastraße 7,52066,Aachen,1
Dr. K. Wimmer GmbH & Co. Photovoltaik KG,HRA,7023,Aachen,Kommanditgesellschaft,,,11,12,2007,31,07,2008,False,Bilsteiner Weg 45,52372,Kreuzau,1
Alten- und Pflegeheim St. Josef Übach gGmbH,HRB,13991,Aachen,Gesellschaft mit beschränkter Haftung,25000.0,EUR,27,12,2006,,,,False,Adolfstr. 16,52531,Übach-Palenberg,1
B&M Auto GmbH,HRB,14431,Aachen,Gesellschaft mit beschränkter Haftung,25000.0,EUR,11,10,2007,,,,False,Uelenbender Weg 24,52159,Roetgen,1
Bohrtec Vertical GmbH,HRB,14151,Aachen,Gesellschaft mit beschränkter Haftung,600000.0,EUR,04,04,2007,30,05,2008,False,Im Heidenwinkel 7,77963,Schwanau - Allmannsweier,1
Smets Familien-KG,HRA,6832,Aachen,Kommanditgesellschaft,,,15,05,2007,,,,False,Teichwinkel 11,52074,Aachen,1
Trotec International Holding GmbH,HRB,14451,Aachen,Gesellschaft mit beschränkter Haftung,25200.0,EUR,25,10,2007,,,,False,Grebbener Str. 7,52525,Heinsberg,1
Cash-Juweliere No. 1 GmbH,HRB,14184,Aachen,Gesellschaft mit beschränkter Haftung,25000.0,EUR,03,05,2007,28,04,2010,False,Werner-von-Siemens-Str. 5,97076,Würzburg,1
E-quad Power Systems GmbH,HRB,14128,Aachen,Gesellschaft mit beschränkter Haftung,25100.0,EUR,26,03,2007,,,,False,Nordstern-Park 17a,52134,Herzogenrath,1
ENTEC GmbH & Co DEVELOPMENTS KG,HRA,2701,Amberg,Kommanditgesellschaft,,,13,04,2007,,,,False,"Michelfeld, Pferracher Berg 12",91275,Auerbach i.d.Opf.,1
ITC International trade company GmbH,HRB,4124,Amberg,Gesellschaft mit beschränkter Haftung,25000.0,EUR,21,10,2007,,,,False,Oberer Mühlweg 17,93133,Burglengenfeld,1
CC GmbH Diskothekenbetrieb,HRB,4120,Amberg,Gesellschaft mit beschränkter Haftung,25000.0,EUR,15,10,2007,,,,False,Hoher-Bogen-Straße 23,92421,Schwandorf,1
Uschold Fleisch- und Wurstwaren GmbH,HRB,4026,Amberg,Gesellschaft mit beschränkter Haftung,30000.0,EUR,29,03,2007,11,01,2018,False,Johannes-Gutenberg-Str. 4,92245,Kümmersbruck,1
Steff Concepts GmbH,HRB,4005,Amberg,Gesellschaft mit beschränkter Haftung,25000.0,EUR,26,02,2007,06,04,2016,False,Am Schafhügel 1,92289,Ursensollen,1
GRAMMER Immobilien Objekt Regensburg B GmbH,HRB,4015,Amberg,Gesellschaft mit beschränkter Haftung,50000.0,EUR,09,03,2007,14,12,2016,False,Ziegelgasse 12,92224,Amberg,1
Ferina Amberg GmbH,HRB,4083,Amberg,Gesellschaft mit beschränkter Haftung,25000.0,EUR,17,07,2007,02,05,2018,False,Schlachthausstr. 57,92224,Amberg,1
Dieter Kohl Verwaltungs GmbH,HRB,3977,Amberg,Gesellschaft mit beschränkter Haftung,25000.0,EUR,09,01,2007,,,,False,Auenweg 4,92265,Edelsfeld,1
E & T Aichaberg GmbH & Co. BHKW I KG,HRA,2741,Amberg,Kommanditgesellschaft,,,22,08,2007,,,,False,Heideweg 24,92263,Ebermannsdorf,1
STR Seebauer GmbH & Co. KG,HRA,2722,Amberg,Kommanditgesellschaft,,,04,07,2007,,,,False,Girnitz 9 a,92447,Schwarzhofen,1
Beck Zimmerei - Holzbau Verwaltungs-GmbH,HRB,4265,Ansbach,Gesellschaft mit beschränkter Haftung,25000.0,EUR,21,02,2007,,,,False,Wolfsbühler Straße 5,91634,Wilburgstetten,1
Landtechnik Vertrieb Windsbach GmbH,HRB,4355,Ansbach,Gesellschaft mit beschränkter Haftung,26000.0,EUR,23,08,2007,,,,False,Wilhelm-Spaeth-Str. 7,91575,Windsbach,1
Circulus KG,HRA,6391,Arnsberg,Kommanditgesellschaft,,,18,06,2007,,,,False,Gut Ringe 1,59602,Rüthen,1
CasuTec ProMining Deutschland GmbH,HRB,7770,Arnsberg,Gesellschaft mit beschränkter Haftung,25000.0,EUR,19,01,2007,30,04,2018,False,Kaiserstraße 25,59505,Bad Sassendorf,1
Pickart GmbH & Co. KG,HRA,6347,Arnsberg,Kommanditgesellschaft,,,22,03,2007,24,06,2019,False,Marktstraße 24,59929,Brilon,1
Frank Schmidt Limited,HRB,7989,Arnsberg,Rechtsform ausl. Rechts HRB,,,24,08,2007,26,05,2014,False,Zum Sonnenufer 36a,59469,Ense,1
VauEss Ltd,HRB,7906,Arnsberg,Rechtsform ausl. Rechts HRB,2.0,EUR,12,06,2007,12,03,2010,False,Fröndenbergerstr 285,58708,Menden,1
Jürgen Laube Sanitär-Heizungskundendienst GmbH,HRB,7879,Arnsberg,Gesellschaft mit beschränkter Haftung,25000.0,EUR,07,05,2007,,,,False,Alter Weg 6,59602,Rüthen,1
Heckmann-de Werk GmbH,HRB,8001,Arnsberg,Gesellschaft mit beschränkter Haftung,25000.0,EUR,03,09,2007,06,01,2011,False,Alter Bahnhof 43,57392,Schmallenberg- Bad Fredeburg,1
Wäscherei Schmidt und Benfer GmbH & Co. KG,HRA,6488,Arnsberg,Kommanditgesellschaft,,,19,12,2007,03,04,2013,False,Wormbacher Straße 28,57392,Schmallenberg,1
SBB Holding GmbH,HRB,9926,Aschaffenburg,Gesellschaft mit beschränkter Haftung,25000.0,EUR,26,02,2007,,,,False,Carl-Zeiss-Straße 3,63755,Alzenau,1
TSV - Telekommunikationsservice Verlags- und Vertriebsgesellschaft mbH,HRB,9983,Aschaffenburg,Gesellschaft mit beschränkter Haftung,25000.0,EUR,18,04,2007,28,09,2011,False,Marktheidenfelder Weg 2-799,63128,Dietzenbach,1
Solarfritze GmbH,HRB,9954,Aschaffenburg,Gesellschaft mit beschränkter Haftung,25000.0,EUR,27,03,2007,,,,False,Kreuzäcker-Ring 7,63814,Mainaschaff,1
EX-Trade Verwaltungs GmbH,HRB,9938,Aschaffenburg,Gesellschaft mit beschränkter Haftung,25000.0,EUR,05,03,2007,,,,False,Kreuzäcker-Ring 2,63814,Mainaschaff,1
Markanovic Limited,HRB,10006,Aschaffenburg,Rechtsform ausl. Rechts HRB,,,15,05,2007,20,03,2009,False,Elsenfelder Straße 30,63906,Erlenbach,1
"BÜGRO, Büroorganisation KG",HRA,4521,Aschaffenburg,Kommanditgesellschaft,,,24,01,2007,30,04,2013,False,Kapellenstraße 1,63920,Großheubach,1
Mentomedia GmbH,HRB,9895,Aschaffenburg,Gesellschaft mit beschränkter Haftung,25000.0,EUR,26,01,2007,,,,False,Siemensstraße 8-10,63897,Miltenberg,1
Pfannmüller Bauingenieur - GmbH,HRB,9863,Aschaffenburg,Gesellschaft mit beschränkter Haftung,25000.0,,02,01,2007,,,,False,Bergstr. 13,63755,Alzenau,1
Spessart Waldquellen GmbH & Co. KG,HRA,4574,Aschaffenburg,Kommanditgesellschaft,,,27,04,2007,28,08,2019,False,Aschaffenburger Straße 199,63857,Waldaschaff,1
Spensberger GmbH & Co. KG,HRA,15888,Augsburg,Kommanditgesellschaft,,,29,03,2007,21,01,2015,False,Schützenstr. 11,86911,Dießen a. Ammersee,1
Besamungsstation Donau-Ries GmbH,HRB,22635,Augsburg,Gesellschaft mit beschränkter Haftung,25000.0,EUR,22,05,2007,,,,False,Balgheimer Straße 26,86753,Möttingen,1
petit pas GmbH,HRB,23020,Augsburg,Gesellschaft mit beschränkter Haftung,25000.0,EUR,23,11,2007,25,07,2019,False,Donnersbergstraße 25,86916,Kaufering,1
Via Claudia Gastro KG,HRA,16052,Augsburg,Kommanditgesellschaft,,,27,09,2007,29,04,2011,False,Augsburger Str. 130,86368,Gersthofen,1
PETOR GmbH,HRB,23040,Augsburg,Gesellschaft mit beschränkter Haftung,25000.0,EUR,29,11,2007,,,,False,Prälat-Bigelmair-Str. 5,86154,Augsburg,1
HB ScanBoo GmbH Steuerberatungsgesellschaft,HRB,22434,Augsburg,Gesellschaft mit beschränkter Haftung,25000.0,EUR,15,02,2007,,,,False,Prinzstraße 51,86153,Augsburg,1
Andreas Streit GmbH,HRB,22878,Augsburg,Gesellschaft mit beschränkter Haftung,25000.0,EUR,10,09,2007,,,,False,Pferseer Straße 7,86150,Augsburg,1
AUP Europe GmbH,HRB,22903,Augsburg,Gesellschaft mit beschränkter Haftung,100000.0,EUR,27,09,2007,,,,False,Steinerne Furt 76,86167,Augsburg,1
Parallelwelten GmbH,HRB,22959,Augsburg,Gesellschaft mit beschränkter Haftung,40000.0,EUR,26,10,2007,18,10,2011,False,Landwehrstraße 60 - 62,80335,München,1
PVD GmbH & Co. KG,HRA,15910,Augsburg,Kommanditgesellschaft,,,25,04,2007,05,09,2018,False,Hofmannstraße 7 b,81379,München,1
Scheidle Seminare GmbH,HRB,22812,Augsburg,Gesellschaft mit beschränkter Haftung,25000.0,EUR,08,08,2007,,,,False,Grottenau 6,86150,Augsburg,1
Baumgartner Hausbau GmbH & Co. KG,HRA,15921,Augsburg,Kommanditgesellschaft,,,03,05,2007,21,12,2011,False,Dorfstraße 16,86568,Hollenbach,1
BrasConsult GmbH Unternehmensberatung,HRB,22460,Augsburg,Gesellschaft mit beschränkter Haftung,50000.0,DEM,28,02,2007,23,10,2015,False,Kreitstraße 28,86926,Greifenberg,1
CP Warehousing GmbH,HRB,22976,Augsburg,Gesellschaft mit beschränkter Haftung,25000.0,EUR,07,11,2007,,,,False,Lindenstraße 6,86507,Oberottmarshausen,1
Laxgang Weinbäck GmbH,HRB,23068,Augsburg,Gesellschaft mit beschränkter Haftung,25000.0,EUR,07,12,2007,07,06,2019,False,Spitalgasse 8,86150,Augsburg,1
Rita Klein Immobilienverwaltung GmbH & Co. KG,HRA,16063,Augsburg,Kommanditgesellschaft,,,02,10,2007,,,,False,Kriststraße 34,86316,Friedberg,1
Wörle GmbH & Co. KG,HRA,16096,Augsburg,Kommanditgesellschaft,,,20,11,2007,,,,False,Jakobsplatz 12,86152,Augsburg,1
Reichman Real Estate GmbH,HRB,22437,Augsburg,Gesellschaft mit beschränkter Haftung,25000.0,EUR,16,02,2007,14,11,2019,False,Terminalstraße Mitte 18,85356,München-Flughafen,1
KUKA Aktiengesellschaft,HRB,22709,Augsburg,Aktiengesellschaft,103416222.0,EUR,27,06,2007,,,,False,Zugspitzstraße 140,86165,Augsburg,1
AXOQUENT GmbH,HRB,22712,Augsburg,Gesellschaft mit beschränkter Haftung,25000.0,EUR,28,06,2007,,,,False,Schlesierstraße 24 i,86438,Kissing,1
Nanocura Limited,HRB,22523,Augsburg,Rechtsform ausl. Rechts HRB,,,28,03,2007,19,06,2012,False,Bruchfeldstraße 21,86637,Wertingen,1
AGROLAB Nord GmbH,HRB,22558,Augsburg,Gesellschaft mit beschränkter Haftung,25000.0,EUR,16,04,2007,04,06,2008,False,Moosstraße 6 a,82279,Eching a. Ammersee,1
Permento Personal-Lösungen GmbH,HRB,22942,Augsburg,Gesellschaft mit beschränkter Haftung,25100.0,EUR,17,10,2007,10,01,2012,False,Maximilianstraße 66,86150,Augsburg,1
Wohnbau Michel GmbH,HRB,22604,Augsburg,Gesellschaft mit beschränkter Haftung,50000.0,DEM,07,05,2007,,,,False,Meraner Straße 24,86165,Augsburg,1
MagnaGen GmbH,HRB,22694,Augsburg,Gesellschaft mit beschränkter Haftung,50000.0,EUR,20,06,2007,,,,False,Pfitznerstraße 30,86938,Schondorf am Ammersee,1
Media Markt TV - HiFi - Elektro GmbH Emden,HRB,200578,Aurich,Gesellschaft mit beschränkter Haftung,101000.0,EUR,26,11,2007,,,,False,Fritz-Reuter-Straße 11,26721,Emden,1
CSB Achte Reedereiverwaltungsgesellschaft mbH,HRB,200467,Aurich,Gesellschaft mit beschränkter Haftung,25000.0,EUR,26,07,2007,08,03,2017,False,Wildeshauser Straße 27,27753,Delmenhorst,1
Wiese Handelsgesellschaft GmbH & Co. KG,HRA,200409,Aurich,Kommanditgesellschaft,,,05,06,2007,18,10,2010,False,Konrektor-Walter-Straße 4,26810,Westoverledingen,1
Fahrzeugbau Booms GmbH & Co. KG,HRA,200568,Aurich,Kommanditgesellschaft,,,01,11,2007,14,06,2010,False,Elisabethstraße 32,06844,Dessau,1
Insel-Immobilien GmbH,HRB,200492,Aurich,Gesellschaft mit beschränkter Haftung,25000.0,EUR,28,08,2007,,,,False,Kirchstraße 14,26548,Norderney,1
Siemetz GmbH,HRB,200452,Aurich,Gesellschaft mit beschränkter Haftung,25000.0,EUR,16,07,2007,26,10,2010,False,Heidestraße 29,26810,Westoverledingen,1
Rhauderfehner Baumschulen KG,HRA,200565,Aurich,Kommanditgesellschaft,,,30,10,2007,09,06,2009,False,Osterhörner Straße 1,26817,Rhauderfehn,1
Bohlen & Doyen Vermögensverwaltungs- und Beteiligungsgesellschaft mbH,HRB,200544,Aurich,Gesellschaft mit beschränkter Haftung,25000.0,EUR,23,10,2007,30,09,2015,False,Hauptstraße 248,26639,Wiesmoor,1
"Briese Schiffahrts GmbH & Co KG MS ""Kukelborg""",HRA,200462,Aurich,Kommanditgesellschaft,,,19,07,2007,,,,False,Hafenstraße 12,26789,Leer,3
Kassieck-Lindstedt Verwaltungs GmbH,HRB,200513,Aurich,Gesellschaft mit beschränkter Haftung,25000.0,EUR,18,09,2007,,,,False,Dreekamp 5,26605,Aurich,1
G. S. Handel und Dienstleistungs GmbH,HRB,200425,Aurich,Gesellschaft mit beschränkter Haftung,25000.0,EUR,08,06,2007,22,04,2009,False,Unter den Eichen 5,26188,Edewecht,1
Jens Haan Beteiligungsgesellschaft mbH,HRB,200281,Aurich,Gesellschaft mit beschränkter Haftung,25000.0,EUR,23,01,2007,,,,False,Alleestraße 51,26506,Norden,1
Connect1 IT-Services & Consulting GmbH,HRB,10317,Bad Oeynhausen,Gesellschaft mit beschränkter Haftung,25000.0,EUR,02,01,2007,17,01,2019,False,Industriestr. 1,32584,Löhne,1
G. Stüssel GmbH & Co. KG,HRA,6984,Bad Oeynhausen,Kommanditgesellschaft,,,07,03,2007,21,12,2016,False,Komturstraße 24,32052,Herford,1
Smart-Research GmbH,HRB,10632,Bad Oeynhausen,Gesellschaft mit beschränkter Haftung,25000.0,EUR,26,09,2007,12,06,2018,False,Borsigstraße 3,32105,Bad Salzuflen,1
Aue-Markt Pr. Ströhen GmbH & Co. KG,HRA,7017,Bad Oeynhausen,Kommanditgesellschaft,,,07,05,2007,,,,False,Preussisch-Ströher-Allee 27 a,32369,Rahden,1
Kimu GmbH,HRB,10487,Bad Oeynhausen,Gesellschaft mit beschränkter Haftung,256000.0,EUR,11,06,2007,20,03,2014,False,Hannoversche Straße 8,49328,Melle,1
Niemann Holding GmbH,HRB,10645,Bad Oeynhausen,Gesellschaft mit beschränkter Haftung,75000.0,EUR,17,10,2007,,,,False,Hedemer Str. 4,32361,Preußisch Oldendorf,1
rococom Verwaltungs GmbH,HRB,10622,Bad Oeynhausen,Gesellschaft mit beschränkter Haftung,25000.0,EUR,20,09,2007,,,,False,Am Hainebuch 25,32457,Porta Westfalica,1
HM Hoch und Tiefbau GmbH,HRB,10479,Bad Oeynhausen,Gesellschaft mit beschränkter Haftung,25000.0,EUR,29,05,2007,,,,False,Flagenstraße 14,32584,Löhne,1
INNCONA GmbH & Co. Einhundertundsiebzehnte Rendite Leasing KG,HRA,6885,Bad Oeynhausen,Kommanditgesellschaft,,,08,01,2007,12,12,2008,False,Lindenweg 5,82223,Eichenau,1
Zweite Edeka-Markt Minden-Hannover GmbH,HRB,10521,Bad Oeynhausen,Gesellschaft mit beschränkter Haftung,25000.0,EUR,09,07,2007,,,,False,Wittelsbacherallee 61,32427,Minden,1
Naturenergie Ostwestfalen GmbH & Co. KG,HRA,7118,Bad Oeynhausen,Kommanditgesellschaft,,,10,10,2007,18,04,2011,False,Gärtnerstraße 27,32120,Hiddenhausen,1
BauFaG GmbH & Co.KG,HRA,7080,Bad Oeynhausen,Kommanditgesellschaft,,,14,08,2007,16,11,2011,False,Deitzkamp 3,32609,Hüllhorst,1
Wittkötter hair & beauty center GmbH & Co. KG,HRA,7159,Bad Oeynhausen,Kommanditgesellschaft,,,14,12,2007,,,,False,Herforder Straße 124,32257,Bünde,1
INNCONA GmbH & Co. Zweihundertundachtzehnte Rendite Leasing KG,HRA,6820,Bad Oeynhausen,Kommanditgesellschaft,,,29,12,2006,10,09,2009,False,Richmodstr. 6,50667,Köln,1
Schröder Geschäftsführung GmbH,HRB,10346,Bad Oeynhausen,Gesellschaft mit beschränkter Haftung,25000.0,EUR,24,01,2007,,,,False,Dieselstraße 17,32120,Hiddenhausen,1
Grundstücksverwaltungsgesellschaft Geschwister Südmersen KG,HRA,7047,Bad Oeynhausen,Kommanditgesellschaft,,,15,06,2007,,,,False,Valdorfer Straße 11,32545,Bad Oeynhausen,1
K.T.W. Abwassertechnik Limited,HRB,10643,Bad Oeynhausen,Rechtsform ausl. Rechts HRB,,,12,10,2007,14,09,2011,False,Landeshuter Str. 1,32469,Petershagen,1
Schulte International GmbH,HRB,10423,Bad Oeynhausen,Gesellschaft mit beschränkter Haftung,102000.0,EUR,31,03,2007,,,,False,Von-Puttkammer-Str. 7,32549,Bad Oeynhausen,1
Rohlfing Werbung GmbH,HRB,10388,Bad Oeynhausen,Gesellschaft mit beschränkter Haftung,25000.0,EUR,22,02,2007,,,,False,An der Weide 1,32457,Porta Westfalica,1
ARGAL Deutschland GmbH,HRB,10325,Bad Oeynhausen,Gesellschaft mit beschränkter Haftung,1918500.0,EUR,09,01,2007,11,07,2012,False,Severingstr. 36,32052,Herford,1
Sigurd Simon Verwaltungsgesellschaft mbH,HRB,10725,Bad Oeynhausen,Gesellschaft mit beschränkter Haftung,25000.0,EUR,20,12,2007,,,,False,Krähenwinkel 4,32425,Minden,1
Schwalm Robotic GmbH,HRB,2207,Bad Hersfeld,Gesellschaft mit beschränkter Haftung,25000.0,EUR,07,12,2007,,,,False,Industriestrasse 16,36251,Bad Hersfeld-Asbach,1
REWE-Markt Sumilo oHG,HRA,1536,Bad Hersfeld,Offene Handelsgesellschaft,,,13,04,2007,,,,False,Kasseler Straße 70 - 74,36199,Rotenburg a. d. Fulda,1
Thomas Verwaltungs GmbH,HRB,20415,Bad Kreuznach,Gesellschaft mit beschränkter Haftung,25200.0,EUR,10,10,2007,,,,False,Rüdesheimer Straße 17,55595,Roxheim,1
KHH Verwaltungs GmbH,HRB,20332,Bad Kreuznach,Gesellschaft mit beschränkter Haftung,25000.0,EUR,26,04,2007,,,,False,Auf dem Schlag 4,55494,Rheinböllen,1
O&L Technology Deutschland GmbH,HRB,10608,Bad Homburg v.d.H.,Gesellschaft mit beschränkter Haftung,300000.0,EUR,05,06,2007,11,02,2009,False,Kurfürstenstraße 12,40211,Düsseldorf,1
LR (Germany) GmbH,HRB,10546,Bad Homburg v.d.H.,Gesellschaft mit beschränkter Haftung,54250.0,EUR,04,04,2007,22,09,2016,False,Frankfurter Landstraße 2-4,61440,Oberursel,1
ME Medical Evolution GmbH & Co.KG,HRA,4937,Bad Homburg v.d.H.,Kommanditgesellschaft,,,12,12,2007,07,12,2011,False,Reuterweg 1,61267,Neu-Anspach,1
Techmatics GmbH,HRB,10484,Bad Homburg v.d.H.,Gesellschaft mit beschränkter Haftung,25000.0,EUR,17,01,2007,16,07,2012,False,Am Gaßgang 7,61440,Oberursel (Taunus),1
Avinway Consultants GmbH,HRB,10652,Bad Homburg v.d.H.,Gesellschaft mit beschränkter Haftung,25000.0,EUR,11,07,2007,02,12,2015,False,Louisenstraße 59,61348,Bad Homburg v. d. Höhe,1
Hans Schneider Elektronik GmbH,HRB,10839,Bad Homburg v.d.H.,Gesellschaft mit beschränkter Haftung,104000.0,EUR,05,12,2007,,,,False,Industriestraße 4,61449,Steinbach (Taunus),1
Kronenhof Wagner GmbH.,HRB,10793,Bad Homburg v.d.H.,Gesellschaft mit beschränkter Haftung,25000.0,EUR,17,10,2007,25,07,2011,False,Urseler Str. 65,61384,Bad Homburg v. d. Höhe,1
ptrm public transport revenue management GmbH,HRB,10668,Bad Homburg v.d.H.,Gesellschaft mit beschränkter Haftung,25000.0,EUR,19,07,2007,24,02,2010,False,Vilbeler Straße  8a,61381,Friedrichsdorf,1
Meyer Quick Service Logistics GmbH & Co. KG,HRA,4836,Bad Homburg v.d.H.,Kommanditgesellschaft,,,29,12,2006,,,,False,Ludwig-Meyer-Straße 2-4,61381,Friedrichsdorf,1
IAG Halle GmbH,HRB,10814,Bad Homburg v.d.H.,Gesellschaft mit beschränkter Haftung,25000.0,EUR,15,11,2007,04,12,2015,False,Altkönigstraße 110a,61440,Oberursel (Taunus),1
Inter Trade Stahlbau und Licht GmbH & Co. KG,HRA,4895,Bad Homburg v.d.H.,Kommanditgesellschaft,,,17,07,2007,,,,False,In der Au 2,61440,Oberursel (Taunus),1
ECE Expert Computer Equipment GmbH,HRB,10569,Bad Homburg v.d.H.,Gesellschaft mit beschränkter Haftung,36000.0,EUR,02,05,2007,,,,False,Dillinger Straße 36,61381,Friedrichsdorf,1
Schreinerei Neser e.K.,HRA,10751,Bamberg,Einzelkaufmann / Einzelkauffrau,,,09,01,2007,,,,False,Industriestraße 14,96138,Burgebrach,1
Alatec Institut für Softwareentwicklung Bamberg GmbH,HRB,5695,Bamberg,Gesellschaft mit beschränkter Haftung,25000.0,EUR,08,02,2007,02,02,2010,False,Luitpoldstr. 6,96052,Bamberg,1
ZAURITZ INVEST GmbH,HRB,5837,Bamberg,Gesellschaft mit beschränkter Haftung,25000.0,EUR,03,09,2007,,,,False,An der Breitenau 2,96052,Bamberg,1
Ernst Leibinger OHG,HRA,10753,Bamberg,Offene Handelsgesellschaft,,,09,01,2007,,,,False,Dietersberg 90 a,91349,Egloffstein,1
Schreinerei Leibinger OHG,HRA,10752,Bamberg,Offene Handelsgesellschaft,,,09,01,2007,,,,False,Hundshaupten Hs.-Nr. 49 a,91349,Egloffstein,1
PK Objekt Roth 02 Verwaltungs GmbH,HRB,5855,Bamberg,Gesellschaft mit beschränkter Haftung,25000.0,EUR,19,10,2007,,,,False,Luitpoldstraße 5,96052,Bamberg,1
MV-Gastronomie GmbH & Co. KG,HRA,10750,Bamberg,Kommanditgesellschaft,,,05,01,2007,,,,False,Wiesenweg 9,96199,Zapfendorf,1
AB projects GmbH,HRB,5719,Bamberg,Gesellschaft mit beschränkter Haftung,25200.0,EUR,13,03,2007,06,06,2007,False,Hartmannstraße 55,91052,Erlangen,1
Stein Beteiligungs-GmbH,HRB,5661,Bamberg,Gesellschaft mit beschränkter Haftung,25000.0,EUR,12,01,2007,,,,False,Dorfbrunnenstraße 13,91094,Langensendelbach,1
Provascular GmbH,HRB,5866,Bamberg,Gesellschaft mit beschränkter Haftung,25000.0,EUR,19,11,2007,,,,False,Paul-List-Straße 11,04103,Leipzig,1
LUPEG GmbH,HRB,4578,Bayreuth,Gesellschaft mit beschränkter Haftung,25000.0,EUR,15,11,2007,,,,False,Ludwig-Jahn-Str. 7,91257,Pegnitz,1
Wölfel Orthopädie-Schuhtechnik GmbH,HRB,4448,Bayreuth,Gesellschaft mit beschränkter Haftung,25000.0,EUR,16,02,2007,,,,False,Pestalozzistr. 20,95445,Bayreuth,1
REWE-Markt Heimann oHG,HRA,3612,Bayreuth,Offene Handelsgesellschaft,,,07,05,2007,,,,False,Hauptstr. 42,91344,Waischenfeld,1
Die Frucht-Halle Neuenmarkt GmbH,HRB,4503,Bayreuth,Gesellschaft mit beschränkter Haftung,25000.0,EUR,30,04,2007,,,,False,Marktplatz 6,95339,Wirsberg,1
SeniVita Seniorenhaus St. Joseph GmbH,HRB,4552,Bayreuth,Gesellschaft mit beschränkter Haftung,25000.0,EUR,24,08,2007,15,12,2008,False,Nabburger Str. 13,92521,Schwarzenfeld,1
Hutley Germany GmbH,HRB,39014,Bielefeld,Gesellschaft mit beschränkter Haftung,25000.0,EUR,03,07,2007,20,01,2012,False,Feilenstraße 5,33602,Bielefeld,1
T.A.M.M. Consult Wirtschaftsberatung GmbH,HRB,39023,Bielefeld,Gesellschaft mit beschränkter Haftung,25000.0,EUR,20,07,2007,,,,False,Vilsendorfer Straße 20,33739,Bielefeld,1
brago Sporthandels- und Beteiligungsgesellschaft mbH,HRB,39089,Bielefeld,Gesellschaft mit beschränkter Haftung,25000.0,EUR,28,09,2007,11,11,2013,False,Potsdamer Straße 148a,33719,Bielefeld,1
M-Konzept GmbH,HRB,39016,Bielefeld,Gesellschaft mit beschränkter Haftung,26000.0,EUR,09,07,2007,,,,False,Grasmückenweg 4,33607,Bielefeld,1
BOWI GmbH,HRB,38963,Bielefeld,Gesellschaft mit beschränkter Haftung,25000.0,EUR,30,04,2007,18,02,2015,False,Heimweg 8,33604,Bielefeld,1
FLEX-TECH Servicetechnik GmbH,HRB,11074,Bochum,Gesellschaft mit beschränkter Haftung,25000.0,EUR,17,01,2007,21,03,2012,False,Castroper Str. 78,44628,Herne,1
Gebhardt & Koenig - Berg- und Bautechnik GmbH,HRB,11191,Bochum,Gesellschaft mit beschränkter Haftung,51500.0,EUR,18,04,2007,27,10,2010,False,Langekampstr. 36,44652,Herne,1
Schemberg Grundbesitz GmbH & Co. KG.,HRA,6177,Bochum,Kommanditgesellschaft,,,18,12,2007,,,,False,Voßkuhlstr. 23,44797,Bochum,1
Elsing & Fenner GmbH,HRB,11266,Bochum,Gesellschaft mit beschränkter Haftung,25000.0,EUR,18,06,2007,05,05,2015,False,Herzogstr. 8,44651,Herne,1
eventmediagroup Verwaltungs-GmbH,HRB,11182,Bochum,Gesellschaft mit beschränkter Haftung,25000.0,EUR,16,04,2007,,,,False,Konrad-Adenauer-Platz 3,44787,Bochum,1
Getränkesupermarkt Ebbers KG,HRA,6079,Bochum,Kommanditgesellschaft,,,02,04,2007,04,06,2009,False,Industriestraße 42,44894,Bochum,1
Instance Four Verwaltungs-GmbH,HRB,11195,Bochum,Gesellschaft mit beschränkter Haftung,25000.0,EUR,24,04,2007,18,10,2018,False,Unterm Schrick 7 d,44797,Bochum,1
Möbelhaus Biermann KG,HRA,6027,Bochum,Kommanditgesellschaft,,,02,01,2007,,,,False,Kellerstr. 25a,58456,Witten,1
EBS Eickeler-Bau-Service GmbH,HRB,11443,Bochum,Gesellschaft mit beschränkter Haftung,26000.0,EUR,28,11,2007,,,,False,Auf der Wenge 13,44651,Herne,1
Drachenfelssee 605. Vermögensverwaltungs GmbH & Co. KG,HRA,6921,Bonn,Kommanditgesellschaft,,,14,09,2007,11,03,2008,False,Bemeroder Str. 71,30559,Hannover,1
JUUBU LTD. & Co KG,HRA,6865,Bonn,Kommanditgesellschaft,,,06,07,2007,03,11,2009,False,Henri-Spaak-Str. 115,53347,Alfter,1
Gebrüder Ritterath Verwaltungs GmbH,HRB,15822,Bonn,Gesellschaft mit beschränkter Haftung,25000.0,EUR,22,10,2007,,,,False,Meckenheimer Allee 90,53115,Bonn,1
Jeschke Umwelttechnik GmbH Niederlassung Nordrhein-Westfalen,HRB,15177,Bonn,Gesellschaft mit beschränkter Haftung,25000.0,EUR,24,01,2007,07,05,2008,False,Am Storrenacker 24,76139,Karlsruhe,1
FAST LANE NR. 134 LIMITED,HRB,15360,Bonn,Rechtsform ausl. Rechts HRB,,,23,04,2007,23,11,2009,False,Kurt-Schumacher-Straße 18-20,53113,Bonn,1
FAST LANE NR. 118 LIMITED,HRB,15405,Bonn,Rechtsform ausl. Rechts HRB,,,07,05,2007,29,08,2008,False,Kurt-Schumacher-Str. 18-20,53113,Bonn,1
SANDER DEKO-DESIGN GmbH,HRB,15215,Bonn,Gesellschaft mit beschränkter Haftung,25000.0,EUR,21,02,2007,,,,False,Steingrubenweg 7,53894,Mechernich,1
Aera Verlag Duisburg GmbH,HRB,15206,Bonn,Gesellschaft mit beschränkter Haftung,42000.0,EUR,14,02,2007,,,,False,Heisterbacher Straße 240,53332,Bornheim,1
Drachenfelssee 628. V V GmbH,HRB,15779,Bonn,Gesellschaft mit beschränkter Haftung,25000.0,EUR,05,10,2007,20,02,2008,False,Kurt-Schumacher-Str. 18-20,53111,Bonn,1
Drachenfelssee 556. V V GmbH,HRB,15366,Bonn,Gesellschaft mit beschränkter Haftung,25000.0,EUR,24,04,2007,06,09,2007,False,Kurt-Schumacher-Straße 18-20,53113,Bonn,1
Dahl Hotel & Restaurant - GmbH,HRB,15859,Bonn,Gesellschaft mit beschränkter Haftung,25000.0,EUR,12,11,2007,,,,False,Heideweg 17,53343,Wachtberg,1
GTX Pharmaceuticals GmbH,HRB,15538,Bonn,Gesellschaft mit beschränkter Haftung,25000.0,EUR,27,06,2007,06,09,2012,False,Georgenstr. 38a,53111,Bonn,1
FAST LANE NR. SIXTYEIGHT LIMITED,HRB,15143,Bonn,Rechtsform ausl. Rechts HRB,,,12,01,2007,24,01,2008,False,Norderstraße 16,24939,Flensburg,1
Drachenfelssee 565. V V GmbH,HRB,15494,Bonn,Gesellschaft mit beschränkter Haftung,25000.0,EUR,06,06,2007,25,02,2008,False,Kurt-Schumacher-Str. 18-20,53113,Bonn,1
